state,months_count,sum_pnl_pips_sum,sum_pnl_pips_mean,trades_sum
choppy_trend,5,68.00000000004047,13.600000000008095,79
persistent_trend,7,122.00000000003399,17.428571428576284,67
