month,session,trades,wins,losses,sum_pnl_pips,avg_pnl_pips,winrate
2024-01,W1,74,31,43,-57.99999999996146,-0.783783783783263,0.4189189189189189
2024-01,W2,21,8,13,-33.99999999998897,-1.619047619047094,0.38095238095238093
2024-02,W1,57,21,36,-107.99999999996999,-1.8947368421047366,0.3684210526315789
2024-02,W2,26,12,14,4.000000000013415,0.1538461538466698,0.46153846153846156
2024-03,W1,60,19,41,-181.99999999996805,-3.0333333333328008,0.31666666666666665
2024-03,W2,17,6,11,-37.99999999999102,-2.2352941176465304,0.35294117647058826
2024-04,W1,35,17,18,24.000000000017963,0.685714285714799,0.4857142857142857
2024-04,W2,42,21,21,42.00000000002149,1.0000000000005116,0.5
2024-05,W1,50,18,32,-103.99999999997362,-2.0799999999994725,0.36
2024-05,W2,49,29,20,148.00000000002456,3.0204081632658073,0.5918367346938775
2024-06,W1,44,12,32,-175.99999999997635,-3.9999999999994627,0.2727272727272727
2024-06,W2,9,4,5,-1.9999999999953388,-0.22222222222170432,0.4444444444444444
2024-07,W1,64,21,43,-177.999999999966,-2.781249999999469,0.328125
2024-07,W2,16,7,9,-5.999999999991701,-0.3749999999994813,0.4375
2024-08,W1,76,32,44,-55.99999999996044,-0.7368421052626374,0.42105263157894735
2024-08,W2,22,9,13,-21.999999999988518,-0.9999999999994781,0.4090909090909091
2024-09,W1,82,38,44,16.00000000004229,0.19512195122002796,0.4634146341463415
2024-09,W2,19,8,11,-13.99999999999011,-0.7368421052626374,0.42105263157894735
2024-10,W1,69,30,39,-29.99999999996419,-0.4347826086951332,0.43478260869565216
2024-10,W2,23,7,16,-75.99999999998772,-3.3043478260864227,0.30434782608695654
2024-11,W1,73,26,47,-157.99999999996146,-2.164383561643308,0.3561643835616438
2024-11,W2,12,5,7,-9.999999999993747,-0.8333333333328122,0.4166666666666667
2024-12,W1,76,39,37,98.00000000003877,1.2894736842110364,0.5131578947368421
2024-12,W2,23,9,14,-31.99999999998795,-1.3913043478255631,0.391304347826087
